num_year,num_semana,primer_dia_semana,poligono_departamento,Solicitudes,Viajes_finalizados,GMV,Ticket_Promedio,promedio_eta_segundos,distancia_pickup_promedio_mts,Viajes_cancelados,NODRIVERACCEPTED,NODRIVERFOUND,GMV_Tarjeta,Viajes_finalizados_Tarjeta_ueno,GMV_Tarjeta_ueno,Conductores,Conductores_c_Viaje,conductores_nuevos,conductores_recurrentes,Ganancias_conductor,Pasajeros,Pasajeros_c_Viaje,pasajeros_nuevos,pasajeros_recurrentes,Solicitudes_B2C,Viajes_finalizados_B2C,GMV_B2C,Ticket_Promedio_B2C,Solicitudes_B2B,Viajes_finalizados_B2B,GMV_B2B,Ticket_Promedio_B2B,Solicitudes_B2B_sReservas,Viajes_finalizados_B2B_sReservas,GMV_B2B_sReservas,Ticket_Promedio_B2B_sReservas
2026,36,2026-08-31,CENTRAL,1141,308,10705308,34757,415,2328,472,106,254,4403900,572,4224900,199,147,0,147,9147919,549,235,11,224,937,204,5575300,27330,204,104,5130008,49327,204,104,5130008,49327
2026,36,2026-08-31,ITAPUA,1062,567,9582810,16901,236,1427,482,7,5,2146700,243,1897700,327,277,1,276,8912180,571,441,3,438,1060,566,9548100,16869,2,1,34710,34710,2,1,34710,34710
2026,35,2026-08-24,CENTRAL,6059,2706,148544877,54895,393,2181,2317,367,669,31893700,3271,30676100,581,444,23,421,118262834,1898,1198,47,1151,4242,1502,36280000,24154,1817,1204,112264877,93243,1756,1144,79822667,69775
2026,35,2026-08-24,ITAPUA,6993,3784,64715610,17102,210,1235,3105,36,58,17316300,1722,15229800,686,633,10,623,60564220,2220,1814,38,1776,6962,3765,64186700,17048,31,19,528910,27837,31,19,528910,27837
2026,34,2026-08-17,CENTRAL,8160,2882,148992841,51698,418,2274,3235,528,1515,36982200,4552,35852200,635,485,21,464,123674639,2209,1313,53,1260,5992,1646,42213100,25646,2168,1236,106779741,86391,2113,1181,85166741,72114
2026,34,2026-08-17,ITAPUA,7233,4244,71498970,16847,160,940,2726,33,230,19836800,1858,17336100,723,661,16,645,68506620,2214,1902,42,1860,7215,4231,71283000,16848,18,13,215970,16613,18,13,215970,16613
2026,33,2026-08-10,CENTRAL,7634,2839,147154851,51833,402,2234,2990,458,1347,36182400,4326,35586500,626,501,13,488,120532375,2085,1254,32,1222,5498,1647,40830700,24791,2136,1192,106324151,89198,2081,1137,84611151,74416
2026,33,2026-08-10,ITAPUA,7549,4396,74311300,16904,168,1011,2988,53,112,22867200,2069,20196300,715,650,8,642,70815730,2381,2017,34,1983,7528,4381,73993300,16890,21,15,318000,21200,21,15,318000,21200
2026,32,2026-08-03,CENTRAL,10656,3374,167396439,49614,420,2304,3560,728,2994,45536500,5837,44487000,612,487,26,461,136424967,2623,1490,58,1432,8228,2043,51748900,25330,2428,1331,115647539,86888,2369,1272,93350139,73388
2026,32,2026-08-03,ITAPUA,8015,4888,80948370,16561,163,975,2922,48,157,23863300,2023,20149400,734,676,10,666,76603470,2396,2100,35,2065,7998,4875,80745700,16563,17,13,202670,15590,17,13,202670,15590
2026,31,2026-07-27,CENTRAL,9971,3214,154526420,48079,409,2274,3495,624,2638,44006000,5678,43096200,612,476,19,457,128709703,2657,1447,48,1399,7688,1946,51073500,26245,2283,1268,103452920,81587,2224,1209,82175260,67970
2026,31,2026-07-27,ITAPUA,8219,4989,82195700,16475,168,1010,3038,47,145,22424100,1926,18762900,740,684,18,666,75389120,2490,2152,43,2109,8210,4984,82103500,16473,9,5,92200,18440,9,5,92200,18440
2026,30,2026-07-20,CENTRAL,6369,3071,160586089,52291,359,1985,2359,306,633,36492200,3505,36028400,630,500,18,482,125572761,1890,1247,41,1206,4325,1660,40545000,24425,2044,1411,120041089,85075,1981,1348,97348089,72217
2026,30,2026-07-20,ITAPUA,6923,4378,74693470,17061,156,941,2301,50,194,19868900,1634,16665600,711,658,6,652,67943100,2223,1928,37,1891,6922,4377,74676700,17061,1,1,16770,16770,1,1,16770,16770
2026,29,2026-07-13,CENTRAL,6629,3287,167152250,50853,354,1967,2362,259,721,41222500,3826,40355800,637,519,20,499,131037436,2003,1298,59,1239,4692,1852,45833300,24748,1937,1435,121318950,84543,1879,1377,99259460,72084
2026,29,2026-07-13,ITAPUA,6790,4437,75223350,16954,152,890,2183,42,128,20979100,1701,18059100,730,678,8,670,68076540,2173,1893,48,1845,6786,4433,75064900,16933,4,4,158450,39613,4,4,158450,39613
2026,28,2026-07-06,CENTRAL,7603,3027,154684301,51102,344,1870,2870,649,1057,36497700,4212,35734700,639,519,19,500,121565868,2075,1262,53,1209,5148,1603,40253900,25112,2455,1424,114430401,80358,2398,1368,94331811,68956
2026,28,2026-07-06,ITAPUA,7724,4410,75885760,17208,138,794,2949,182,183,21368600,2014,18627700,743,695,11,684,68823280,2268,1905,45,1860,7697,4399,75651300,17197,27,11,234460,21315,27,11,234460,21315
2026,27,2026-06-29,CENTRAL,9829,3102,145708933,46973,400,2196,3162,525,3040,40434700,5619,39530700,643,496,18,478,115910522,2660,1387,36,1351,7628,1729,45269200,26182,2201,1373,100439733,73153,2147,1319,79771953,60479
2026,27,2026-06-29,ITAPUA,8891,5025,85330930,16981,187,1147,3350,62,454,22275000,2127,18885100,749,679,7,672,77005120,2597,2171,22,2149,8881,5019,85225500,16981,10,6,105430,17572,10,6,105430,17572
2026,26,2026-06-22,CENTRAL,7043,3267,141480902,43306,367,2007,2408,280,1087,38928100,3774,37452700,662,508,22,486,112366570,2100,1329,41,1288,4864,1722,42183400,24497,2179,1545,99297502,64270,2128,1494,81178192,54336
2026,26,2026-06-22,ITAPUA,8769,4984,85083990,17071,171,1036,2983,53,749,22124000,2017,18978100,781,733,13,720,76628200,2548,2140,33,2107,8757,4974,84919800,17073,12,10,164190,16419,12,10,164190,16419
2026,25,2026-06-15,CENTRAL,10261,3907,183002890,46840,363,2023,3314,434,2606,48696300,5494,47937000,747,595,28,567,143104502,2758,1572,44,1528,7766,2151,54337800,25262,2495,1756,128665090,73272,2435,1696,98138900,57865
2026,25,2026-06-15,ITAPUA,9940,5827,98866660,16967,168,1029,3245,60,808,28300000,2423,24235600,806,747,14,733,89068360,2987,2493,30,2463,9931,5822,98712800,16955,9,5,153860,30772,9,5,153860,30772
2026,24,2026-06-08,CENTRAL,12463,3796,161601423,42572,395,2166,3642,624,4401,49534400,6651,48440300,733,587,29,558,131107162,3208,1667,63,1604,9597,2085,56509900,27103,2866,1711,105091523,61421,2804,1649,85382553,51778
2026,24,2026-06-08,ITAPUA,10927,6089,103895120,17063,179,1101,3488,87,1263,29154200,2540,24600300,829,775,20,755,93621230,3195,2652,47,2605,10913,6079,103673800,17054,14,10,221320,22132,14,10,221320,22132
2026,23,2026-06-01,CENTRAL,14016,4487,199937949,44559,395,2195,4775,704,4050,63351600,7740,62415200,728,588,23,565,163704796,3605,1936,83,1853,10625,2619,70937800,27086,3391,1868,129000149,69058,3331,1808,99511049,55039
2026,23,2026-06-01,ITAPUA,10556,6583,111011340,16863,162,975,3551,37,385,34594800,2827,29501100,816,759,16,743,100201820,3102,2671,35,2636,10547,6575,110836000,16857,9,8,175340,21918,9,8,175340,21918
2026,22,2026-05-25,CENTRAL,10771,3935,205320645,52178,387,2133,3898,481,2457,54311300,6130,53349700,782,632,24,608,165510312,3106,1783,67,1716,8032,2375,61231200,25782,2739,1560,144089445,92365,2677,1498,98732265,65909
2026,22,2026-05-25,ITAPUA,11147,7127,120596900,16921,152,886,3779,24,216,36831800,2810,30691600,842,801,11,790,108757510,3309,2895,50,2845,11134,7118,120305100,16902,13,9,291800,32422,13,9,291800,32422
2026,21,2026-05-18,CENTRAL,10933,5362,211921903,39523,355,1942,4060,324,1187,66747400,6100,64487000,976,771,30,741,174482419,3195,2232,80,2152,7989,3372,77850100,23087,2944,1990,134071803,67373,2877,1923,90072083,46839
2026,21,2026-05-18,ITAPUA,11250,7278,123169300,16924,154,901,3772,20,180,35765800,2878,30864700,872,821,14,807,111757820,3271,2887,39,2848,11233,7264,122837100,16910,17,14,332200,23729,17,14,332200,23729
2026,20,2026-05-11,CENTRAL,17485,5549,245438976,44231,389,2141,4896,556,6484,69283100,9011,67080700,907,711,19,692,200730904,4708,2952,136,2816,14688,4212,93993200,22316,2797,1337,151445776,113273,2740,1281,79150566,61788
2026,20,2026-05-11,ITAPUA,12191,7224,122661890,16980,187,1123,4253,38,676,33027700,2780,27210700,863,814,6,808,114154010,3734,3227,52,3175,12178,7215,122469400,16974,13,9,192490,21388,13,9,192490,21388
2026,19,2026-05-04,CENTRAL,21016,8258,262175189,31748,390,2160,6468,630,5660,107690100,11155,104034100,924,754,26,728,223408094,5519,3805,209,3596,17376,6252,142522800,22796,3640,2006,119652389,59647,3581,1947,97811739,50237
2026,19,2026-05-04,ITAPUA,13729,8293,136768560,16492,170,1013,4570,52,814,42706400,3528,35575500,851,805,18,787,127880120,3914,3401,57,3344,13710,8283,136452600,16474,19,10,315960,31596,19,10,315960,31596
2026,18,2026-04-27,CENTRAL,18836,7329,250390751,34164,356,1995,5484,548,5475,96578700,10197,93742200,967,786,27,759,218517398,5466,3685,181,3504,16552,5700,129549400,22728,2284,1629,120841351,74181,2228,1573,78698881,50031
2026,18,2026-04-27,ITAPUA,12164,7472,122002540,16328,172,1031,4255,32,405,34676000,2956,28953100,879,827,9,818,117747760,3774,3296,50,3246,12148,7459,121800100,16329,16,13,202440,15572,16,13,202440,15572
2026,17,2026-04-20,CENTRAL,17612,8582,251688235,29327,341,1881,5452,470,3108,103187100,9298,99912000,1049,852,36,816,233999809,5160,3867,209,3658,14597,6520,139777100,21438,3015,2062,111911135,54273,2953,2000,89032855,44516
2026,17,2026-04-20,ITAPUA,12542,7917,127499610,16105,158,934,4428,20,177,37570700,3175,32249200,927,881,12,869,122750720,3936,3420,42,3378,12530,7909,127339000,16101,12,8,160610,20076,12,8,160610,20076
2026,16,2026-04-13,CENTRAL,19095,7293,238258870,32670,363,2017,5400,588,5814,100774200,10365,99070300,998,802,33,769,213944160,4954,3345,193,3152,15910,5592,124982800,22350,3185,1701,113276070,66594,3128,1644,92725460,56402
2026,16,2026-04-13,ITAPUA,11797,8074,136449630,16900,142,817,3459,14,250,41727700,3049,35890900,977,894,14,880,126475490,3820,3400,59,3341,11779,8060,136173900,16895,18,14,275730,19695,18,14,275730,19695
2026,15,2026-04-06,CENTRAL,19845,7998,292745279,36602,372,2071,6154,659,5034,107282200,11196,105003500,1032,836,56,780,263862428,5182,3543,243,3300,16961,6077,135405800,22282,2884,1921,157339479,81905,2810,1848,99493229,53838
2026,15,2026-04-06,ITAPUA,13626,9067,155556140,17156,155,904,4184,24,351,46632400,3382,39278200,997,944,22,922,141899960,4220,3714,73,3641,13622,9064,155482000,17154,4,3,74140,24713,4,3,74140,24713
2026,14,2026-03-30,CENTRAL,11406,4329,144987302,33492,361,2088,3414,433,3230,62274100,6553,61302340,764,616,18,598,131682628,3709,2388,163,2225,10053,3419,80081900,23423,1353,910,64905402,71325,1320,877,53183402,60642
2026,14,2026-03-30,ITAPUA,11247,7396,126943140,17164,159,932,3388,22,441,31793300,2460,26783300,937,884,15,869,122372810,3823,3361,72,3289,11241,7392,126752400,17147,6,4,190740,47685,6,4,190740,47685
2026,13,2026-03-23,CENTRAL,21402,8923,273942221,30701,356,1982,5820,551,6108,111598500,10853,109016700,975,794,31,763,248314940,5892,4201,333,3868,18309,6904,155565700,22533,3093,2019,118376521,58631,3025,1959,97389721,49714
2026,13,2026-03-23,ITAPUA,15567,10898,168496050,15461,144,819,4514,13,142,43804700,3642,37565900,1055,1000,18,982,178096000,4537,4155,82,4073,15549,10882,168205300,15457,18,16,290750,18172,18,16,290750,18172
2026,12,2026-03-16,CENTRAL,28420,8212,563032560,68562,382,2120,6213,846,13149,105195000,14401,102590200,909,730,36,694,445930899,6374,3982,298,3684,25096,6311,144312100,22867,3324,1901,418720460,220263,3232,1811,117708830,64997
2026,12,2026-03-16,ITAPUA,16520,10362,157655250,15215,149,871,4618,50,1490,42972200,3715,37646700,1056,992,25,967,167290700,4625,4053,98,3955,16514,10357,157567700,15214,6,5,87550,17510,6,5,87550,17510
2026,11,2026-03-09,CENTRAL,20710,8460,293253972,34664,349,1959,5252,454,6544,106288900,11125,104461400,925,735,30,705,257272609,5463,3834,231,3603,17686,6413,138001300,21519,3024,2047,155252672,75844,2930,1970,97607862,49547
2026,11,2026-03-09,ITAPUA,14931,10512,170921670,16260,147,845,4222,21,176,48067600,3622,41435300,1048,996,23,973,171068400,4448,4014,105,3909,14914,10501,170711900,16257,17,11,209770,19070,17,11,209770,19070
2026,10,2026-03-02,CENTRAL,26817,6762,222486310,32902,412,2315,6641,1144,12270,99973400,14592,98402300,864,702,33,669,203499595,6295,3596,282,3314,24039,5461,130144900,23832,2778,1301,92341410,70977,2550,1076,44795184,41631
2026,10,2026-03-02,ITAPUA,15727,10323,171662910,16629,157,907,4883,29,492,43792700,3496,38613600,1066,1011,31,980,171790650,4499,3959,91,3868,15710,10312,171274500,16609,17,11,388410,35310,17,11,388410,35310
2026,9,2026-02-23,CENTRAL,22568,7198,211011211,29315,382,2138,6149,810,8411,96017000,12296,93967500,920,717,31,686,194936135,5828,3626,241,3385,19613,5493,126402900,23012,2955,1705,84608311,49624,2712,1466,49996651,34104
2026,9,2026-02-23,ITAPUA,16016,10565,172499150,16327,161,941,4975,27,449,45136100,3599,38848700,1072,1012,27,985,172708200,4555,3945,95,3850,16007,10559,172384200,16326,9,6,114950,19158,9,6,114950,19158
2026,8,2026-02-16,CENTRAL,21707,6343,221262574,34883,396,2254,5950,797,8617,93934100,12627,92960500,887,714,26,688,186456320,5361,3165,251,2914,18484,4857,114558700,23586,3223,1486,106703874,71806,2947,1214,44564171,36709
2026,8,2026-02-16,ITAPUA,16657,11311,187957230,16617,166,968,5106,30,210,46787800,3621,39434900,1037,985,21,964,188013500,4732,4218,120,4098,16649,11303,187840400,16619,8,8,116830,14604,8,8,116830,14604
2026,7,2026-02-09,CENTRAL,25768,6786,258156049,38042,398,2257,6908,1004,11070,100238300,14748,98530300,968,789,44,745,222510008,5958,3451,250,3201,22093,5212,123185800,23635,3675,1574,134970249,85750,3369,1274,61018196,47895
2026,7,2026-02-09,ITAPUA,19578,12724,213141330,16751,174,1032,6015,42,797,55490400,4293,46908700,1086,1034,30,1004,213950000,5347,4663,137,4526,19551,12703,212553000,16733,27,21,588330,28016,27,21,588330,28016
2026,6,2026-02-02,CENTRAL,23837,6944,244118326,35155,393,2234,6636,886,9360,102464500,14484,100815700,1024,817,49,768,207617480,5659,3347,230,3117,20821,5298,123119800,23239,3016,1646,120998526,73511,2691,1326,48928505,36899
2026,6,2026-02-02,ITAPUA,19994,12783,214744770,16799,178,1068,6174,61,953,50433700,3782,41633400,1090,1035,33,1002,215040900,5532,4819,152,4667,19981,12772,214384000,16785,13,11,360770,32797,13,11,360770,32797
2026,5,2026-01-26,CENTRAL,18991,7311,236156185,32301,360,2039,5620,590,5470,88001600,10463,86722500,1086,875,31,844,203026891,5279,3455,173,3282,16057,5755,120673100,20968,2934,1556,115483085,74218,2658,1281,47013433,36701
2026,5,2026-01-26,ITAPUA,22924,12628,214048000,16950,193,1177,6329,107,3860,46824900,3930,39120300,1084,1038,22,1016,214205400,5779,4787,131,4656,22914,12620,213858600,16946,10,8,189400,23675,10,8,189400,23675
2026,4,2026-01-19,CENTRAL,14610,8093,257612551,31832,311,1761,4385,270,1862,94509400,8337,92745800,1180,959,50,909,230959400,4737,3580,206,3374,12647,6655,132749400,19947,1963,1438,124863151,86831,1665,1148,46971150,40916
2026,4,2026-01-19,ITAPUA,20061,13778,231563060,16807,166,972,5624,46,613,46997700,3477,38639200,1126,1087,23,1064,231652200,5538,4933,155,4778,20032,13754,231149900,16806,29,24,413160,17215,29,24,413160,17215
2026,3,2026-01-12,CENTRAL,15654,8757,267552727,30553,321,1806,4785,329,1783,102294800,8649,100215600,1180,967,50,917,233514462,5242,4021,218,3803,13504,7224,146365000,20261,2150,1533,121187727,79053,1874,1259,65840806,52296
2026,3,2026-01-12,ITAPUA,19726,13563,227890670,16802,166,972,5432,34,697,48090800,3575,39836600,1130,1085,39,1046,227861600,5606,5043,143,4900,19696,13539,227126000,16776,30,24,764670,31861,29,23,374670,16290
2026,2,2026-01-05,CENTRAL,19431,7934,252492050,31824,349,1967,5654,502,5341,98848600,9715,96798000,1156,941,47,894,212566585,5478,3708,288,3420,17219,6504,138769400,21336,2212,1430,113722650,79526,1988,1212,64272880,53030
2026,2,2026-01-05,ITAPUA,17792,12652,211732790,16735,165,956,4667,40,432,43727000,3021,35088000,1093,1065,20,1045,211696600,5207,4680,148,4532,17779,12642,211327800,16716,13,10,404990,40499,13,10,404990,40499
2026,1,2025-12-29,CENTRAL,10210,2729,75698688,27739,331,1963,2003,361,5117,28672800,4282,28126600,647,511,15,496,69196963,3278,1698,146,1552,9735,2423,53926900,22256,475,306,21771788,71150,415,247,9626388,38973
2026,1,2025-12-29,ITAPUA,31404,7301,132722060,18179,250,1623,5223,441,18439,21893300,2849,17756000,903,849,20,829,132723700,5282,3736,145,3591,31401,7298,132685100,18181,3,3,36960,12320,3,3,36960,12320
2025,52,2025-12-22,CENTRAL,43171,5464,246098320,45040,416,2324,7367,1762,28578,60091100,17282,58738600,1075,782,36,746,166416870,8226,3303,365,2938,40305,4711,111667500,23704,2866,753,134430820,178527,2640,528,36793902,69685
2025,52,2025-12-22,ITAPUA,29856,16449,287727350,17492,214,1309,8268,196,4943,45064800,3649,35975700,1122,1079,19,1060,287735500,7095,6149,209,5940,29849,16448,287706500,17492,7,1,20850,20850,7,1,20850,20850
2025,51,2025-12-15,CENTRAL,89909,11495,432143148,37594,401,2236,15261,3044,60109,102284000,37826,96934500,1575,1222,81,1141,302339814,12289,5276,587,4689,83916,9953,206874600,20785,5993,1542,225268548,146089,5654,1211,68234249,56345
2025,51,2025-12-15,ITAPUA,27167,18301,311214560,17005,188,1122,7700,63,1103,63476500,4209,49184200,1129,1087,32,1055,311206200,7149,6421,198,6223,27156,18294,311122600,17007,11,7,91960,13137,11,7,91960,13137
2025,50,2025-12-08,CENTRAL,42545,11376,289538739,25452,364,2060,11260,1525,18384,85162200,19054,83537500,1560,1196,73,1123,254832078,8771,4735,320,4415,39081,10018,184390300,18406,3464,1358,105148439,77429,3196,1093,62772539,57431
2025,50,2025-12-08,ITAPUA,28388,17571,296785670,16891,177,1061,7822,128,2867,59704700,4533,48282700,1148,1110,22,1088,296769400,7262,6389,191,6198,28381,17565,296606700,16886,7,6,178970,29828,7,6,178970,29828
2025,49,2025-12-01,CENTRAL,63107,16131,655446874,40633,358,2034,15255,1965,29756,117396400,28492,114154900,1715,1339,66,1273,361727923,10758,5859,449,5410,58360,14464,261636800,18089,4747,1667,393810074,236239,4441,1378,78672404,57092
2025,49,2025-12-01,ITAPUA,28924,19561,328804520,16809,178,1071,8416,81,866,66338800,4607,53224900,1163,1125,41,1084,328779400,7490,6706,188,6518,28908,19551,328418200,16798,16,10,386320,38632,16,10,386320,38632
2025,48,2025-11-24,CENTRAL,58393,20301,494046306,24336,322,1812,13882,1574,22636,107351300,20725,104008700,1793,1434,86,1348,429297206,10861,6176,453,5723,54186,18348,313082400,17064,4207,1953,180963906,92659,3807,1565,80371805,51356
2025,48,2025-11-24,ITAPUA,28272,19485,321615840,16506,168,994,7873,85,828,59374800,4046,47847700,1168,1135,24,1111,321599000,7479,6784,206,6578,28255,19474,321430600,16506,17,11,185240,16840,17,11,185240,16840
2025,47,2025-11-17,CENTRAL,40785,23236,498614787,21459,308,1729,13775,1094,2679,135224900,14553,131076700,2042,1677,123,1554,465468212,9369,6684,515,6169,37660,21322,363575300,17052,3125,1914,135039487,70554,2803,1599,81893387,51215
2025,47,2025-11-17,ITAPUA,28874,20673,339720000,16433,155,886,7804,46,350,64528100,4356,50654300,1209,1179,28,1151,339728700,7763,7128,209,6919,28860,20664,339573700,16433,14,9,146300,16256,14,9,146300,16256
2025,46,2025-11-10,CENTRAL,49140,27475,636543131,23168,324,1816,17260,1209,3196,161915800,17173,156723600,2347,1946,161,1785,625447149,11006,8121,693,7428,46257,25565,498700500,19507,2883,1910,137842631,72169,2552,1588,76347431,48078
2025,46,2025-11-10,ITAPUA,31990,22693,371941830,16390,170,951,8555,56,686,69778500,4897,55949800,1225,1202,48,1154,371930100,8334,7671,215,7456,31979,22683,371680800,16386,11,10,261030,26103,11,10,261030,26103
2025,45,2025-11-03,CENTRAL,60457,31498,918991698,29176,374,2185,22965,774,5219,171738600,21493,165213200,2528,2096,150,1946,1057058567,11844,8927,849,8078,57264,29576,805878000,27248,3193,1922,113113698,58852,2857,1601,73247498,45751
2025,45,2025-11-03,ITAPUA,36992,26456,402810910,15226,185,1090,10140,53,343,69180900,5253,55527300,1195,1169,39,1130,437301920,9059,8420,321,8099,36972,26442,402479300,15221,20,14,331610,23686,20,14,331610,23686
2025,44,2025-10-27,CENTRAL,53128,27118,819846780,30233,353,2062,19672,792,5546,159555900,17493,152637300,2449,1995,186,1809,892481109,11364,8529,954,7575,50009,25122,668607843,26614,3119,1996,151238937,75771,2797,1686,75412606,44729
2025,44,2025-10-27,ITAPUA,37435,26567,407904580,15354,184,1085,10462,53,353,70228900,4765,55697300,1207,1179,30,1149,448655790,9232,8534,390,8144,37420,26558,407776100,15354,15,9,128480,14276,15,9,128480,14276
2025,43,2025-10-20,CENTRAL,37127,23941,587318848,24532,301,1713,12383,289,513,150199000,12845,144150400,2406,2005,167,1838,642349785,9800,8046,822,7224,34313,21918,450548850,20556,2814,2023,136769998,67608,2557,1773,82498277,46530
2025,43,2025-10-20,ITAPUA,36653,25820,397430910,15392,182,1062,9729,97,1007,60489600,4730,48805200,1194,1165,45,1120,437202850,9019,8364,362,8002,36636,25805,397166300,15391,17,15,264610,17641,17,15,264610,17641
2025,42,2025-10-13,CENTRAL,40124,21578,613139672,28415,312,1737,14398,1338,2810,164349300,16384,158655100,2444,2053,140,1913,670631955,10082,7931,834,7097,37018,19558,465073100,23779,3106,2020,148066572,73300,2764,1699,82103671,48325
2025,42,2025-10-13,ITAPUA,39379,25830,394620170,15278,198,1172,9935,372,3242,61905700,5147,50981300,1156,1133,32,1101,434023230,9331,8510,418,8092,39357,25815,394345500,15276,22,15,274670,18311,22,15,274670,18311
2025,41,2025-10-06,CENTRAL,42745,22659,708060572,31249,314,1732,14335,1267,4483,188216800,18462,182513300,2513,2117,196,1921,793009512,10757,8430,915,7515,39547,20434,572228000,28004,3198,2225,135832572,61048,2893,1932,79835221,41323
2025,41,2025-10-06,ITAPUA,43502,24539,373548910,15223,219,1314,10891,571,7500,58456500,5306,47705000,1123,1096,47,1049,410838150,9242,8199,414,7785,43479,24523,373224900,15219,23,16,324010,20251,23,16,324010,20251
2025,40,2025-09-29,CENTRAL,61443,21620,1021871035,47265,350,1958,18056,3147,18620,153906700,23643,148187900,2318,1913,185,1728,1074908655,12115,8363,1092,7271,58737,20098,826560000,41126,2706,1522,195311035,128325,2480,1304,60498485,46395
2025,40,2025-09-29,ITAPUA,46686,25403,387460390,15253,236,1444,13372,524,7387,58327200,5516,45303000,1106,1079,38,1041,426336130,9665,8537,485,8052,46660,25380,387103800,15252,26,23,356590,15504,26,23,356590,15504
2025,39,2025-09-22,CENTRAL,53954,30346,979655149,32283,285,1595,16738,1575,5295,140540200,16067,134029500,2567,2112,193,1919,1070564180,11429,8897,1071,7826,51073,28552,817081000,28617,2881,1794,162574149,90621,2630,1549,65210948,42099
2025,39,2025-09-22,ITAPUA,39579,25703,429767450,16721,208,1249,11250,277,2349,54810900,4249,41021500,1138,1103,40,1063,473216588,9090,8271,447,7824,39514,25656,429172400,16728,65,47,595050,12661,65,47,595050,12661
2025,38,2025-09-15,CENTRAL,58866,30368,845909735,27855,292,1650,17884,1814,8800,143963200,19829,138716700,2454,2045,152,1893,951169316,11585,8909,1087,7822,55262,28277,703732900,24887,3604,2091,142176835,67995,3279,1807,78582534,43488
2025,38,2025-09-15,ITAPUA,40242,27597,447949000,16232,183,1080,10715,204,1726,58898700,4463,44850900,1148,1113,43,1070,493284300,9323,8643,452,8191,40228,27589,447765600,16230,14,8,183400,22925,14,8,183400,22925
2025,37,2025-09-08,CENTRAL,54831,33614,945526066,28129,271,1488,17777,1009,2431,155086400,16781,149727500,2810,2391,214,2177,1087742311,11624,9503,1130,8373,51772,31695,821466900,25918,3059,1919,124059166,64648,2632,1584,68197706,43054
2025,37,2025-09-08,ITAPUA,43259,28756,522775620,18180,196,1149,11795,271,2436,58464200,4703,45007500,1174,1138,46,1092,575500200,9445,8717,512,8205,43237,28737,522324800,18176,22,19,450820,23727,22,19,450820,23727
2025,36,2025-09-01,CENTRAL,70621,38255,804775576,21037,264,1431,20372,1500,10494,164960000,19956,158531600,2957,2551,270,2281,921320001,13387,10783,2016,8767,67967,36656,703671600,19197,2654,1599,101103976,63230,2394,1398,44478696,31816
2025,36,2025-09-01,ITAPUA,53267,30349,474313460,15629,215,1309,12640,930,9348,53312100,4844,41247700,1126,1100,41,1059,522015260,10173,9246,559,8687,53258,30343,474145600,15626,9,6,167860,27977,9,6,167860,27977
2025,35,2025-08-25,CENTRAL,50638,30949,579880147,18737,237,1321,16746,932,2011,135949700,12989,128917400,3064,2618,332,2286,653752784,11343,9633,1938,7695,47987,29144,477740100,16392,2651,1805,102140047,56587,2430,1613,50887686,31548
2025,35,2025-08-25,ITAPUA,42762,30278,454231920,15002,186,1118,10148,303,2032,47057200,3686,35900400,1122,1097,42,1055,500270210,9416,8811,644,8167,42734,30259,453810800,14998,28,19,421120,22164,28,19,421120,22164
2025,34,2025-08-18,CENTRAL,37377,20286,422538876,20829,276,1549,15685,926,480,120223600,12032,114182500,3351,2844,622,2222,442302984,10221,8571,2089,6482,34377,18406,296221100,16094,3000,1880,126317776,67190,2754,1645,52138851,31695
2025,34,2025-08-18,ITAPUA,39209,26436,400977640,15168,189,1108,11089,193,1490,47269900,3656,36557400,1116,1091,45,1046,441418960,9022,8408,487,7921,39193,26425,400712400,15164,16,11,265240,24113,16,11,265240,24113
2025,33,2025-08-11,CENTRAL,76005,42556,703947480,16542,169,1006,33044,237,165,146632500,13027,139632300,2858,2493,595,1898,805151937,13222,12089,6645,5444,73441,40841,599950900,14690,2564,1715,103996580,60639,2254,1430,41770772,29210
2025,33,2025-08-11,ITAPUA,45513,31125,456469330,14666,177,1051,12363,249,1775,47215400,3779,36156300,1074,1056,37,1019,502355390,9213,8631,500,8131,45486,31105,456101600,14663,27,20,367730,18387,27,20,367730,18387
2025,32,2025-08-04,CENTRAL,28741,17877,352651952,19727,210,1137,10304,433,126,110893000,9029,107296800,1907,1618,396,1222,326387932,6633,5806,2593,3213,25989,15976,250878800,15703,2752,1901,101773152,53537,2538,1694,55306381,32648
2025,32,2025-08-04,ITAPUA,45482,32079,486192370,15156,171,1006,10470,232,2701,48567800,3495,35611100,1067,1045,57,988,559208465,9536,8933,576,8357,45468,32066,485902900,15153,14,13,289470,22267,14,13,289470,22267
2025,31,2025-07-28,CENTRAL,15776,9032,222865937,24675,271,1526,5809,458,477,66624700,5839,64820700,1304,1075,218,857,195191510,4046,3143,1105,2038,13679,7519,124047700,16498,2097,1513,98818237,65313,1890,1308,55121405,42142
2025,31,2025-07-28,ITAPUA,43246,31264,485492990,15529,178,1061,10018,208,1756,39502500,2742,28573400,1065,1035,55,980,558231660,9277,8699,520,8179,43239,31261,485444500,15529,7,3,48490,16163,7,3,48490,16163
2025,30,2025-07-21,CENTRAL,8462,4364,213066735,48824,328,1784,3362,395,341,41354500,3710,40560500,1151,931,220,711,163149379,2555,1823,506,1317,6058,2749,56449300,20534,2404,1615,156617435,96977,2028,1241,46586634,37540
2025,30,2025-07-21,ITAPUA,39852,29355,467174280,15915,170,989,8872,153,1470,33936500,2308,24073700,1028,1003,58,945,536053730,8963,8449,692,7757,39840,29344,464398200,15826,12,11,2776080,252371,10,9,174080,19342
2025,29,2025-07-14,CENTRAL,7441,3297,178336557,54091,379,2079,2656,633,854,30910500,3585,30179400,753,610,68,542,137033863,2177,1348,177,1171,4849,1599,36447900,22794,2592,1698,141888657,83562,2169,1277,55012516,43079
2025,29,2025-07-14,ITAPUA,38671,29440,468609010,15917,160,954,7532,173,1519,33711000,2212,24072600,983,965,48,917,538836375,8660,8243,641,7602,38667,29436,468518700,15917,4,4,90310,22578,4,4,90310,22578
2025,28,2025-07-07,CENTRAL,8334,2911,157685881,54169,410,2213,2681,981,1761,28052600,4103,27436300,584,501,34,467,115506725,2105,1186,144,1042,5231,1404,32861400,23406,3103,1507,124824481,82830,2858,1263,53328030,42223
2025,28,2025-07-07,ITAPUA,43185,31617,499680360,15804,174,1090,9039,223,2303,38427500,2624,27450900,1012,991,55,936,576031266,8980,8511,625,7886,43173,31607,499520200,15804,12,10,160160,16016,12,10,160160,16016
2025,27,2025-06-30,CENTRAL,10122,2588,116361934,44962,407,2192,3148,1146,3240,24572400,4915,24016400,639,521,38,483,96149042,2300,1130,131,999,6593,1205,28724400,23838,3529,1383,87637534,63368,3306,1161,44555311,38377
2025,27,2025-06-30,ITAPUA,49230,31630,471719300,14914,190,1189,13388,278,3925,35037300,2819,24214200,962,943,49,894,594276668,9199,8603,696,7907,49220,31623,471588000,14913,10,7,131300,18757,10,7,131300,18757
2025,26,2025-06-23,CENTRAL,8290,2965,141801171,47825,405,2178,2440,753,2131,25069300,3571,24322100,710,604,64,540,103814721,1954,1152,122,1030,5153,1329,30405300,22878,3137,1636,111395871,68090,2862,1362,49129470,36072
2025,26,2025-06-23,ITAPUA,42608,31962,453273150,14182,165,998,8179,162,2303,32312400,2297,22047600,951,924,38,886,570935022,8816,8380,661,7719,42598,31956,453179700,14181,10,6,93450,15575,10,6,93450,15575
2025,25,2025-06-16,CENTRAL,7329,2576,146197152,56754,406,2201,2382,883,1488,22907800,3611,22680000,695,566,65,501,97176562,2012,1150,126,1024,4833,1206,27569700,22860,2496,1370,118627452,86589,2256,1130,44546900,39422
2025,25,2025-06-16,ITAPUA,43792,32059,444157900,13854,175,1054,8896,203,2631,32141000,2346,22121400,964,942,57,885,559502746,9060,8540,821,7719,43790,32059,444157900,13854,2,0,,,2,0,,
2025,24,2025-06-09,CENTRAL,9795,3170,217048245,68469,411,2212,2832,1215,2578,27250500,4630,26341100,715,594,63,531,125769982,2365,1261,142,1119,6612,1513,33731600,22295,3183,1657,183316645,110632,2796,1272,52162481,41008
2025,24,2025-06-09,ITAPUA,44844,29493,409916130,13899,188,1104,9080,360,5910,29864200,2500,20280700,922,910,56,854,516290692,8631,7946,693,7253,44828,29482,409767300,13899,16,11,148830,13530,14,10,134530,13453
2025,23,2025-06-02,CENTRAL,10416,3138,145700956,46431,404,2190,3032,1259,2986,28518200,4899,27238400,724,584,61,523,116642812,2377,1290,160,1130,7225,1575,34857200,22132,3191,1563,110843756,70917,2865,1238,48114202,38864
2025,23,2025-06-02,ITAPUA,40520,29265,397709480,13590,181,1060,8429,177,2647,30109100,2203,20162000,891,869,67,802,500989711,8295,7801,679,7122,40507,29255,397603000,13591,13,10,106480,10648,13,10,106480,10648
2025,22,2025-05-26,CENTRAL,10818,3412,179940161,52737,398,2211,3092,1215,3098,28454900,4679,27006000,790,660,73,587,132985957,2472,1414,179,1235,7586,1669,37016800,22179,3232,1743,142923361,81998,2808,1320,48508840,36749
2025,22,2025-05-26,ITAPUA,39324,27818,388831870,13978,184,1116,8518,159,2828,29771400,2033,19281000,857,839,42,797,489689013,8091,7607,805,6802,39290,27792,388615100,13983,34,26,216770,8337,33,25,165770,6631
2025,21,2025-05-19,CENTRAL,10173,3192,237100722,74280,400,2201,2633,981,3367,25948400,4187,24460900,713,614,69,545,127280434,2114,1287,167,1120,6784,1475,32255950,21868,3389,1717,204844772,119304,2974,1303,45443950,34876
2025,21,2025-05-19,ITAPUA,33793,25697,346381160,13479,153,914,6714,78,1301,26678300,1786,17814600,800,780,68,712,435166022,7146,6800,603,6197,33769,25678,344418900,13413,24,19,1962260,103277,23,18,205260,11403
2025,20,2025-05-12,CENTRAL,8023,2190,117541281,53672,413,2310,1990,1061,2782,21284700,3963,20035000,582,473,36,437,84895227,1934,1029,107,922,5523,1082,25711400,23763,2500,1108,91829881,82879,2195,803,33117290,41242
2025,20,2025-05-12,ITAPUA,34387,24507,338384842,13808,177,1081,6817,167,2893,23770100,1630,15567500,766,756,46,710,426169738,7478,7049,643,6406,34331,24468,338044062,13816,56,39,340780,8738,56,39,340780,8738
2025,19,2025-05-05,CENTRAL,9850,3211,158818393,49461,403,2254,2928,1281,2430,26978100,4084,25146100,676,551,40,511,120119815,2040,1231,116,1115,5910,1428,32407700,22694,3940,1783,126410693,70898,3492,1335,49518260,37092
2025,19,2025-05-05,ITAPUA,37102,25510,347604380,13626,186,1145,8644,153,2792,27577300,2120,18697200,751,736,51,685,437841020,7486,7055,679,6376,37062,25480,347300010,13630,40,30,304370,10146,40,30,304370,10146
2025,18,2025-04-28,CENTRAL,8268,2745,160184062,58355,397,2219,2468,1046,2009,22408700,3575,20912500,628,532,38,494,126025574,1979,1113,107,1006,5304,1268,27515900,21700,2964,1477,132668162,89823,2541,1062,40726870,38349
2025,18,2025-04-28,ITAPUA,33633,23758,331278750,13944,179,1119,7234,142,2499,26086900,1889,18033900,707,690,50,640,415098006,7217,6790,690,6100,33578,23730,330845900,13942,55,28,432850,15459,55,28,432850,15459
2025,17,2025-04-21,CENTRAL,8262,3717,190636512,51288,383,2082,2505,707,1333,29024500,3785,27572600,712,628,54,574,150092799,1928,1336,154,1182,5308,1788,36791000,20577,2954,1929,153845512,79754,2363,1341,46868060,34950
2025,17,2025-04-21,ITAPUA,32763,22424,312615200,13941,187,1130,7235,156,2947,21743800,1768,14427000,708,687,70,617,380390122,6743,6362,624,5738,32762,22423,312574700,13940,1,1,40500,40500,1,1,40500,40500
2025,16,2025-04-14,CENTRAL,4796,2015,132001400,65509,362,2084,1306,415,1060,16942700,2244,16087900,521,463,26,437,110223265,1386,906,78,828,3375,1022,22852900,22361,1421,993,109148500,109918,1103,675,26329900,39007
2025,16,2025-04-14,ITAPUA,26687,17037,255228500,14981,209,1303,5894,151,3605,16152200,1387,11243500,636,618,29,589,346059455,6166,5695,630,5065,26686,17036,255213500,14981,1,1,15000,15000,1,1,15000,15000
2025,15,2025-04-07,CENTRAL,8899,4046,204801802,50618,385,2086,2626,748,1479,36521800,4334,34123000,678,612,63,549,177728269,2082,1489,208,1281,5733,2144,43848100,20452,3166,1902,160953702,84623,2678,1418,54435100,38389
2025,15,2025-04-07,ITAPUA,33036,23156,306768700,13248,186,1134,6752,106,3021,25180200,1927,17316700,675,657,68,589,418610113,6765,6340,779,5561,33019,23141,306588300,13249,17,15,180400,12027,17,15,180400,12027
2025,14,2025-03-31,CENTRAL,15391,3919,205102801,52335,414,2210,3176,1486,6810,34427000,7741,32581400,655,576,32,544,177872247,2614,1545,243,1302,11686,2078,45444400,21869,3705,1841,159658401,86724,3259,1396,49772300,35654
2025,14,2025-03-31,ITAPUA,34082,24130,352613100,14613,184,1133,7265,153,2534,25193200,2052,17562200,708,692,74,618,484803234,7281,6824,1060,5764,34082,24130,352613100,14613,0,0,,,0,0,,
2025,13,2025-03-24,CENTRAL,11854,3869,215564753,55716,412,2210,2857,1079,4049,32942200,5853,31283500,591,529,32,497,182216342,2348,1455,235,1220,8539,2061,45026400,21847,3315,1808,170538353,94324,2880,1373,48263200,35152
2025,13,2025-03-24,ITAPUA,45476,29679,547780700,18457,178,1115,9175,301,6321,22203000,2080,15588300,680,656,77,579,764135557,7748,7217,1547,5670,45458,29663,547635400,18462,18,16,145300,9081,18,16,145300,9081
2025,12,2025-03-17,CENTRAL,11856,3781,198499301,52499,405,2203,3057,1324,3694,32554000,5905,30340700,600,533,38,495,166417307,2287,1406,191,1215,8346,2017,44723200,22173,3510,1764,153776101,87175,3066,1323,46243800,34954
2025,12,2025-03-17,ITAPUA,35468,26131,383594700,14680,159,959,7154,105,2075,23578500,1952,16660200,624,605,58,547,534991505,6801,6488,1730,4758,35467,26130,383583700,14680,1,1,11000,11000,1,1,11000,11000
2025,11,2025-03-10,CENTRAL,10448,4066,193960054,47703,395,2209,3079,1218,2085,36442700,5234,34508100,622,550,51,499,173109955,2240,1475,263,1212,7100,2172,45796600,21085,3348,1894,148163454,78228,2857,1404,47408951,33767
2025,11,2025-03-10,ITAPUA,29416,20712,275817900,13317,168,1038,5922,103,2679,23895700,2012,17529600,591,574,73,501,379455575,5532,5203,1154,4049,29416,20712,275817900,13317,0,0,,,0,0,,
2025,10,2025-03-03,CENTRAL,13571,2867,159724003,55711,426,2374,3277,1969,5458,23221900,6227,21949100,484,415,26,389,142870545,2323,1170,198,972,9563,1395,32423400,23243,4008,1472,127300603,86481,3545,1011,37396600,36990
2025,10,2025-03-03,ITAPUA,29181,17230,262992700,15264,211,1357,6634,180,5137,20698700,2170,15354700,528,518,67,451,352839256,5258,4745,1170,3575,29176,17225,262940500,15265,5,5,52200,10440,5,5,52200,10440
2025,9,2025-02-24,CENTRAL,10075,3167,187487601,59200,397,2248,2762,1311,2835,22585200,4153,21117500,499,432,21,411,159328242,1964,1135,197,938,6275,1375,36034000,26207,3800,1792,151453601,84517,3310,1303,49109100,37689
2025,9,2025-02-24,ITAPUA,26058,15717,213099900,13559,209,1310,5820,146,4375,18434700,1818,14160200,512,501,72,429,290742440,4695,4280,1317,2963,26058,15717,213099900,13559,0,0,,,0,0,,
2025,8,2025-02-17,CENTRAL,9029,2992,243083001,81244,386,2200,2416,1157,2464,20041500,3246,17940100,546,465,25,440,168430814,1788,1061,134,927,5247,1097,26864200,24489,3782,1895,216218801,114100,3203,1316,48826100,37102
2025,8,2025-02-17,ITAPUA,19675,12738,173729900,13639,196,1202,4697,90,2150,16146400,1429,12304200,467,456,69,387,237340635,4024,3678,1328,2350,19674,12737,173529900,13624,1,1,200000,200000,0,0,,
2025,7,2025-02-10,CENTRAL,8398,2705,161792402,59812,390,2258,2505,1142,2046,20428800,3055,17216900,494,423,24,399,138560371,1661,983,141,842,4714,1007,27256600,27067,3684,1698,134535802,79232,3151,1166,43016800,36893
2025,7,2025-02-10,ITAPUA,18477,12223,199248100,16301,176,1066,5144,106,1004,14262300,1386,11324300,433,423,68,355,277510073,3531,3212,1698,1514,18412,12191,199028900,16326,65,32,219200,6850,65,32,219200,6850
2025,6,2025-02-03,CENTRAL,9378,2698,154207503,57156,392,2269,2545,1206,2929,17708800,3621,15810300,477,411,29,382,131283674,1673,941,138,803,5556,963,22533100,23399,3822,1735,131674403,75893,3294,1208,46446000,38449
2025,6,2025-02-03,ITAPUA,14064,6875,107781700,15677,222,1411,4018,202,2969,10436100,1170,8486500,393,377,106,271,149851613,2376,2005,1219,786,14058,6872,107750700,15680,6,3,31000,10333,6,3,31000,10333
2025,5,2025-01-27,CENTRAL,6884,2532,144453601,57051,374,2154,1991,763,1597,13914800,2520,12320800,500,426,34,392,123687360,1450,889,127,762,4056,855,18166700,21248,2828,1677,126286901,75305,2328,1179,42976600,36452
2025,5,2025-01-27,ITAPUA,5688,3005,42565301,14165,208,1337,1970,68,645,3998100,484,3369800,304,296,151,145,59381486,1258,1015,858,157,5679,3004,42565300,14170,9,1,1,1,9,1,1,1
2025,4,2025-01-20,CENTRAL,5177,2225,177653930,79844,372,2080,1559,595,798,14389800,1400,10808400,528,440,47,393,111190755,1172,792,102,690,2456,633,16977300,26820,2721,1592,160676630,100928,2253,1127,56176830,49846
2025,4,2025-01-20,ITAPUA,899,422,6611400,15667,204,1340,382,7,88,511900,69,405600,180,146,133,13,9112198,311,230,217,13,892,417,6561500,15735,7,5,49900,9980,7,5,49900,9980
2025,3,2025-01-13,CENTRAL,5212,2756,145523101,52802,351,1972,1440,509,507,12308300,617,5398700,458,373,32,341,104345324,1088,777,98,679,2515,1316,22553600,17138,2697,1440,122969501,85395,2285,1029,39674200,38556
2025,3,2025-01-13,ITAPUA,20,3,43600,14533,190,1208,5,4,8,23600,0,,4,3,1,2,33637,9,3,3,0,20,3,43600,14533,0,0,,,0,0,,
2025,2,2025-01-06,CENTRAL,4956,2580,178617334,69232,326,1866,1351,580,444,12385400,827,6483300,486,395,33,362,127276254,1193,823,139,684,2534,1041,20622900,19811,2422,1539,157994434,102660,1910,1029,40717734,39570
2025,2,2025-01-06,ITAPUA,20,1,181000,181000,321,2323,3,1,15,,0,,2,1,0,1,124700,10,1,0,1,19,0,,,1,1,181000,181000,0,0,,
2025,1,2025-12-29,CENTRAL,10515,3568,123160148,34518,375,2094,3204,321,3422,37883800,4733,36767800,788,631,22,609,103361718,3754,2199,164,2035,9408,2943,64123500,21788,1107,625,59036648,94459,1018,536,29087758,54268
2025,1,2025-12-29,ITAPUA,11658,6911,116458570,16851,195,1146,3107,101,1539,20401600,1584,16389800,929,882,17,865,116458300,4051,3415,81,3334,11652,6908,116400600,16850,6,3,57970,19323,6,3,57970,19323
2025,1,2024-12-30,CENTRAL,2469,748,72814700,97346,334,1949,502,663,556,3450600,479,2107900,255,213,10,203,50818997,636,329,37,292,1239,175,4473900,25565,1230,573,68340800,119268,989,333,16360200,49130
2025,1,2024-12-30,ITAPUA,11,0,,,273,1830,4,1,6,,1,0,1,0,0,0,,4,0,0,0,11,0,,,0,0,,,0,0,,
2024,52,2024-12-23,CENTRAL,8752,253,9474300,37448,445,2438,1594,2967,3938,3965000,2123,2120800,277,118,10,108,7264199,1690,203,34,169,6174,202,5519100,27322,2578,51,3955200,77553,2548,23,1045200,45443
2024,52,2024-12-23,ITAPUA,3,0,,,370,3762,1,0,2,,1,0,0,0,0,0,,3,0,0,0,3,0,,,0,0,,,0,0,,
2024,51,2024-12-16,CENTRAL,21602,572,23428406,40959,475,2574,2839,6194,11997,10677700,5283,6408200,304,164,15,149,15921915,2914,432,117,315,14402,480,14686900,30598,7200,92,8741506,95016,7152,46,1477500,32120
2024,51,2024-12-16,ITAPUA,26,0,,,171,1057,5,2,19,,4,0,1,0,0,0,,9,0,0,0,15,0,,,11,0,,,11,0,,
2024,50,2024-12-09,CENTRAL,11044,691,18843403,27270,428,2360,2353,4170,3830,9971600,3045,6749100,362,208,7,201,14703089,2071,440,97,343,7677,583,13613600,23351,3367,108,5229803,48424,3329,73,1671200,22893
2024,50,2024-12-09,ITAPUA,26,1,9300,9300,261,1955,2,2,21,9300,2,0,3,1,0,1,7565,10,1,1,0,26,1,9300,9300,0,0,,,0,0,,
2024,49,2024-12-02,CENTRAL,9109,532,16841208,31656,425,2338,1832,3341,3403,6952300,2057,4232100,339,206,11,195,13138940,1556,350,47,303,5279,386,10383500,26900,3830,146,6457708,44231,3771,95,2854200,30044
2024,49,2024-12-02,ITAPUA,2,0,,,356,2131,2,0,0,,0,,0,0,0,0,,2,0,0,0,2,0,,,0,0,,,0,0,,
2024,48,2024-11-25,CENTRAL,1075,25,1132200,45288,394,2741,136,213,701,388700,323,257800,31,20,2,18,813347,208,24,7,17,721,19,548200,28853,354,6,584000,97333,350,2,46000,23000
2024,1,2024-12-30,CENTRAL,664,21,860300,40967,403,2208,251,321,71,224000,82,200000,92,17,2,15,519876,248,17,2,15,271,16,333100,20819,393,5,527200,105440,391,3,66600,22200
2024,1,2024-12-30,ITAPUA,1,0,,,,,0,0,1,,0,,0,0,0,0,,1,0,0,0,1,0,,,0,0,,,0,0,,
